time_popular,jogos,gols_sofridos,media_sofridos
São Paulo,8,5.0,0.62
Flamengo,7,5.0,0.71
Bahia,7,7.0,1.0
Corinthians,8,7.0,0.88
Coritiba,8,8.0,1.0
Athletico-PR,8,8.0,1.0
Palmeiras,8,8.0,1.0
Fluminense,8,9.0,1.12
Internacional,8,9.0,1.12
Bragantino,8,10.0,1.25
Vitória,7,10.0,1.43
Mirassol,7,10.0,1.43
Atlético-MG,8,11.0,1.38
Chapecoense,7,11.0,1.57
Grêmio,8,12.0,1.5
Vasco,8,13.0,1.62
Santos,8,13.0,1.62
Remo,8,15.0,1.88
Botafogo,7,16.0,2.29
Cruzeiro,8,16.0,2.0
