time_popular,jogos,gols_marcados,media_gols
Palmeiras,8,17.0,2.12
Athletico-PR,8,14.0,1.75
Fluminense,8,13.0,1.62
Flamengo,7,13.0,1.86
Vasco,8,13.0,1.62
Grêmio,8,13.0,1.62
Botafogo,7,11.0,1.57
São Paulo,8,10.0,1.25
Santos,8,10.0,1.25
Remo,8,10.0,1.25
Coritiba,8,9.0,1.12
Bahia,7,9.0,1.29
Chapecoense,7,9.0,1.29
Mirassol,7,8.0,1.14
Vitória,7,8.0,1.14
Atlético-MG,8,8.0,1.0
Cruzeiro,8,8.0,1.0
Corinthians,8,7.0,0.88
Internacional,8,7.0,0.88
Bragantino,8,6.0,0.75
